Frame,Score
Frame,Score
1000000,0.416
1250000,0.6872
1500000,2.0288
1750000,1.0976
2000000,2.0595199999999996
2250000,2.4584
2500000,2.25128
2750000,2.4064
3000000,2.31304
3250000,2.5152799999999997
3500000,2.40496
3750000,2.58088
4000000,2.45152
4250000,2.5136
4500000,2.41208
