Frame,Score
Frame,Score
1000000,0.0
1250000,-0.0024
1500000,-0.0064
1750000,-0.0024
2000000,-0.01056
2250000,-0.02816
2500000,-0.0408
2750000,-0.04
3000000,-0.0032
3250000,-0.02496
3500000,-0.0184
3750000,-0.0224
4000000,-0.0232
4250000,-0.024
4500000,-0.0136
