Frame,Score
1000000,0.0
1250000,0.0
1500000,0.0
1750000,0.0
2000000,0.00042426608986783216
2250000,0.0
2500000,0.0
2750000,0.00030857900626929375
3000000,0.013252887738230131
3250000,0.029350195323899486
3500000,0.03083103743526483
3750000,0.0314191023550557
4000000,0.034501124859705634
4250000,0.03037583768601889
4500000,0.0
4750000,0.0
5000000,0.008215946206127343
5250000,0.045293761665682095
