Frame,Score
Frame,Score
1000000,0.00112
1250000,0.0
1500000,0.0028
1750000,0.0
2000000,0.00504
2250000,0.00056
2500000,0.0
2750000,0.005599999999999999
3000000,0.0
3250000,0.00112
3500000,0.0
3750000,0.0
4000000,0.005599999999999999
4250000,0.00224
4500000,0.0
4750000,0.00504
5000000,0.0
5250000,0.0
5500000,0.0
