Frame,Score
1000000,0.0
1250000,0.0
1500000,0.0
1750000,0.0
2000000,0.0
2250000,0.0
2500000,0.0
2750000,0.013600000000000006
3000000,0.020240000000000015
3250000,0.03104000000000002
3500000,0.026000000000000013
3750000,0.019440000000000013
4000000,0.02608000000000002
4250000,0.027920000000000014
4500000,0.020800000000000013
4750000,0.01976000000000001
5000000,0.00336
5250000,0.02232000000000002
5500000,0.047520000000000014
