Frame,Score
1000000,4.484079999999982
1250000,5.133359999999978
1500000,5.027839999999983
1750000,4.238880000000001
2000000,5.059759999999971
2250000,5.302159999999974
2500000,5.77111999999997
2750000,5.069519999999973
3000000,5.5703199999999775
3250000,5.199839999999995
3500000,5.368639999999976
3750000,3.8158399999999935
4000000,5.79535999999998
4250000,5.6603999999999814
4500000,5.036159999999982
4750000,5.818639999999987
