Frame,Score
1000000,0.0
1250000,0.0
1500000,0.0
1750000,0.0
2000000,0.0013112126299822857
2250000,0.0
2500000,0.004333923306061636
2750000,0.0
3000000,0.0
3250000,0.0
3500000,0.0019771701780511167
3750000,0.0
4000000,0.0
4250000,0.0
4500000,0.0033522923164733998
4750000,0.0014243769603108866
5000000,0.0
5250000,0.00032985138651423325
5500000,0.0
