Frame,Score
1000000,3.161680000000001
1250000,4.216799999999998
1500000,4.145760000000003
1750000,2.920479999999998
2000000,4.114960000000002
2250000,4.364320000000003
2500000,4.413759999999997
2750000,4.3703199999999995
3000000,4.075520000000002
3250000,4.73912000000001
3500000,4.097279999999998
3750000,4.814080000000001
4000000,4.702879999999991
4250000,4.669599999999996
4500000,4.2899999999999965
4750000,4.767839999999989
